<?xml version="1.0"?>
<LOGINSETTINGS>
  <APPSETTINGS>
    <MailTextFilePath>D:\Working\HTTP_POST\HTTP_Pacific_Basin_Processor\HTTP_Pacific_Basin_Processor\bin\Debug\MailTextFile\SM0372_WEB</MailTextFilePath>
    <AuditPath>D:\Working\HTTP_POST\HTTP_Pacific_Basin_Processor\HTTP_Pacific_Basin_Processor\bin\Debug\Audit</AuditPath>
    <RFQ_AttachmentPath>D:\Working\HTTP_POST\HTTP_Pacific_Basin_Processor\HTTP_Pacific_Basin_Processor\bin\Debug\Attachments</RFQ_AttachmentPath>
   <Mtml_Quote_UploadPath>D:\Working\HTTP_POST\HTTP_Pacific_Basin_Processor\HTTP_Pacific_Basin_Processor\bin\Debug\MTML_Quote\SM0372_WEB</Mtml_Quote_UploadPath>
    <Buyer>SM0372_WEB</Buyer>
    <Supplier>V10107</Supplier>
    <BuyerName>Pacific Basin Shipping (HK) Ltd.</BuyerName>
    <Actions>RFQ,QUOTE</Actions>
   <SaveQuotation>true</SaveQuotation>
    <AcknowledgeUpdates>false</AcknowledgeUpdates>
    <SendQuote>FALSE</SendQuote>
    <SendMail>FALSE</SendMail>
    <FromEmailId>portal@lighthouse-esolutions.com</FromEmailId>
    <MailBcc>portal.archive@lesconnect.com.sg</MailBcc>
    <MailAuditPath>D:\Working\HTTP_POST\HTTP_Pacific_Basin_Processor\HTTP_Pacific_Basin_Processor\bin\Debug\SendMailQueueAudit</MailAuditPath>
    <MailSettings>YES|NO|NO|YES|YES|NO||NO|0||QUOTE.txt|econnect@nekoship.nl</MailSettings>
   </APPSETTINGS>
 <APPSETTINGS>
    <MailTextFilePath>D:\Working\HTTP_POST\HTTP_Pacific_Basin_Processor\HTTP_Pacific_Basin_Processor\bin\Debug\MailTextFile\SM0695_WEB</MailTextFilePath>
    <AuditPath>D:\Working\HTTP_POST\HTTP_Pacific_Basin_Processor\HTTP_Pacific_Basin_Processor\bin\Debug\Audit</AuditPath>
    <RFQ_AttachmentPath>D:\Working\HTTP_POST\HTTP_Pacific_Basin_Processor\HTTP_Pacific_Basin_Processor\bin\Debug\Attachments</RFQ_AttachmentPath>
   <Mtml_Quote_UploadPath>D:\Working\HTTP_POST\HTTP_Pacific_Basin_Processor\HTTP_Pacific_Basin_Processor\bin\Debug\MTML_Quote\SM0695_WEB</Mtml_Quote_UploadPath>
    <Buyer>SM0695_WEB</Buyer>
    <Supplier>V10107</Supplier>
    <BuyerName>EIMSKIP ISLAND EHF</BuyerName>
    <Actions>RFQ,Quote</Actions>
  <SaveQuotation>true</SaveQuotation>
    <AcknowledgeUpdates>false</AcknowledgeUpdates>
    <SendQuote>false</SendQuote>
    <SendMail>true</SendMail>
    <FromEmailId>portal@lighthouse-esolutions.com</FromEmailId>
    <MailBcc>portal.archive@lesconnect.com.sg</MailBcc>
    <MailAuditPath>D:\Working\HTTP_POST\HTTP_Pacific_Basin_Processor\HTTP_Pacific_Basin_Processor\bin\Debug\SendMailQueueAudit</MailAuditPath>
    <MailSettings>YES|NO|NO|YES|YES|NO||NO|0||QUOTE.txt|econnect@nekoship.nl</MailSettings>
   </APPSETTINGS>
 <APPSETTINGS>
    <MailTextFilePath>D:\Working\HTTP_POST\HTTP_Pacific_Basin_Processor\HTTP_Pacific_Basin_Processor\bin\Debug\MailTextFile\SM0668_WEB</MailTextFilePath>
    <AuditPath>D:\Working\HTTP_POST\HTTP_Pacific_Basin_Processor\HTTP_Pacific_Basin_Processor\bin\Debug\Audit</AuditPath>
   <RFQ_AttachmentPath>D:\Working\HTTP_POST\HTTP_Pacific_Basin_Processor\HTTP_Pacific_Basin_Processor\bin\Debug\Attachments</RFQ_AttachmentPath>
   <Mtml_Quote_UploadPath>D:\Working\HTTP_POST\HTTP_Pacific_Basin_Processor\HTTP_Pacific_Basin_Processor\bin\Debug\MTML_Quote\SM0668_WEB</Mtml_Quote_UploadPath>
    <Buyer>SM0668_WEB</Buyer>
    <Supplier>V10001</Supplier>
    <BuyerName>Sea Consortium Pte. Ltd.</BuyerName>
   <Actions>RFQ,PO,Quote,POC</Actions>
  <SaveQuotation>true</SaveQuotation>
    <AcknowledgeUpdates>false</AcknowledgeUpdates>
    <SendQuote>false</SendQuote>
    <SendMail>false</SendMail>
    <FromEmailId></FromEmailId>
    <MailBcc></MailBcc>
    <MailAuditPath> </MailAuditPath>
    <MailSettings></MailSettings>
   </APPSETTINGS>
 <APPSETTINGS>
    <MailTextFilePath>D:\Working\HTTP_POST\HTTP_Pacific_Basin_Processor\HTTP_Pacific_Basin_Processor\bin\Debug\MailTextFile\SM0711_WEB</MailTextFilePath>
    <AuditPath>D:\Working\HTTP_POST\HTTP_Pacific_Basin_Processor\HTTP_Pacific_Basin_Processor\bin\Debug\Audit</AuditPath>
    <RFQ_AttachmentPath>D:\Working\HTTP_POST\HTTP_Pacific_Basin_Processor\HTTP_Pacific_Basin_Processor\bin\Debug\Attachments</RFQ_AttachmentPath>
 <Mtml_Quote_UploadPath>D:\Working\HTTP_POST\HTTP_Pacific_Basin_Processor\HTTP_Pacific_Basin_Processor\bin\Debug\MTML_Quote\SM0711_WEB</Mtml_Quote_UploadPath>
    <Buyer>SM0711_WEB</Buyer>
    <Supplier>V10001</Supplier>
    <BuyerName>Norbulk Shipping UK Ltd</BuyerName>
   <Actions>RFQ,PO,Quote,POC</Actions>
 <SaveQuotation>true</SaveQuotation>
    <AcknowledgeUpdates>false</AcknowledgeUpdates>
    <SendQuote>false</SendQuote>
    <SendMail>false</SendMail>
    <FromEmailId></FromEmailId>
    <MailBcc></MailBcc>
    <MailAuditPath> </MailAuditPath>
    <MailSettings></MailSettings>
   </APPSETTINGS>
</LOGINSETTINGS>